,primacy_r1,primacy_r2
count,180.0,180.0
mean,0.47680090170160094,0.5101342350349343
std,0.49730329568644227,0.4506170867243893
min,-0.7999999999999999,-0.7999999999999999
25%,0.19999999999999998,0.19999999999999998
50%,0.6000000000000001,0.668932393686311
75%,0.7999999999999999,0.7999999999999999
max,1.0,1.0
