,targeting_T,targeting_U
count,180.0,180.0
mean,0.4888888888888889,0.49804624784764634
std,0.4680744925779554,0.4814447969546834
min,-0.7999999999999999,-0.7999999999999999
25%,0.35,0.19999999999999998
50%,0.39999999999999997,0.7378647873726218
75%,0.7999999999999999,0.8164965809277261
max,1.0,1.0
