,termnorm_sys,termnorm_bert
count,360.0,120.0
mean,0.4934675683682676,0.5770141470837739
std,0.47416712639623115,0.42991800113187856
min,-0.7999999999999999,-1.0
25%,0.2,0.39999999999999997
50%,0.6000000000000001,0.7999999999999999
75%,0.7999999999999999,1.0
max,1.0,1.0
