,termrep_ldh,termrep_xdh,termrep_xdx
count,120.0,120.0,120.0
mean,0.46414920188269004,0.4958158685493567,0.5204376346727562
std,0.4983359422685375,0.48320045933080047,0.44142369536104226
min,-0.7999999999999999,-0.7999999999999999,-0.7999999999999999
25%,0.19999999999999998,0.19999999999999998,0.19999999999999998
50%,0.6000000000000001,0.668932393686311,0.6000000000000001
75%,0.7999999999999999,0.7999999999999999,0.9486832980505139
max,1.0,1.0,1.0
