,transitivity_In,transitivity_Tr,transitivity_Di
count,120.0,120.0,120.0
mean,0.7137360384381363,0.3966666666666666,0.37
std,0.35890781278640604,0.48367176406126916,0.4917128355097536
min,-0.19999999999999998,-0.6000000000000001,-0.7999999999999999
25%,0.39999999999999997,0.0,0.19999999999999998
50%,0.7999999999999999,0.39999999999999997,0.39999999999999997
75%,1.0,0.7999999999999999,0.7999999999999999
max,1.0,1.0,1.0
