,transitivity_In,transitivity_Tr,transitivity_Di
count,20.0,20.0,20.0
mean,0.48779596561824023,0.5709509776147419,0.4504540638625129
std,0.20702644728027886,0.13623212428640355,0.18627628296993487
min,-0.011267664519130756,0.23847908388969064,-0.02548479641626657
25%,0.38017723453166397,0.47352942938433573,0.35638445113193973
50%,0.5124729114518692,0.5865947346506334,0.4461039483802234
75%,0.5985227475728383,0.6636172598762858,0.575483168653343
max,0.8811443934610432,0.7687106506617186,0.7257581958814346
