,targeting_T,targeting_U
count,30.0,30.0
mean,0.539039764859728,0.46709423987060206
std,0.18525410648756718,0.17670716995670416
min,-0.011267664519130756,-0.02548479641626657
25%,0.46044882202105847,0.3772797686821258
50%,0.5647672603750633,0.46201624216912623
75%,0.652277087012767,0.5659436224916734
max,0.8775420965921339,0.8811443934610432
