,transitivity_In,transitivity_Tr,transitivity_Di
count,20.0,20.0,20.0
mean,0.4955775789776912,0.5583325468557498,0.4442967730565656
std,0.17695982288173967,0.13714648297723395,0.1914489312096761
min,0.22717336039180372,0.2557968609803363,-0.026473899082315042
25%,0.38942947549769485,0.4943776350433783,0.3537042466095134
50%,0.4782542844929728,0.5484432358371871,0.4743411318354828
75%,0.5828667519677136,0.642818903631388,0.5638473809748983
max,0.8809589587806628,0.7597269822869608,0.6816836670893035
