,targeting_T,targeting_U
count,30.0,30.0
mean,0.5338086752549394,0.4649959240050652
std,0.17335826856413541,0.16985479508434195
min,-0.026473899082315042,0.05005729661840999
25%,0.4401823054661633,0.359931741779414
50%,0.5448118958510004,0.47744965904177117
75%,0.6359082805582104,0.5693112854989133
max,0.8796757007086713,0.8809589587806628
