,targeting_T,targeting_U
count,90.0,90.0
mean,0.3954886545360033,0.3150574772708792
std,0.21551010581990304,0.21071735107552278
min,-0.054591268873763615,-0.20879790654661798
25%,0.2159809954236907,0.20137247024744107
50%,0.3895245909287727,0.3122281548091793
75%,0.5214957743353656,0.43300991655661947
max,0.8438705671739306,0.9002788864076213
