,targeting_T,targeting_U
count,90.0,90.0
mean,0.36622826654508733,0.31053837248741734
std,0.23315951676323562,0.19906772569316816
min,-0.21988588642079512,-0.2396622000412514
25%,0.22521643385894316,0.19184515093747578
50%,0.3476285323895716,0.30622753877778147
75%,0.5147421688178765,0.4089919782041193
max,0.8582569509725178,0.8967460035811945
