,termnorm_sys,termnorm_bert
count,180.0,60.0
mean,0.3383833195162523,0.49940229963000227
std,0.2179742802229478,0.17365641125885248
min,-0.2396622000412514,-0.026473899082315042
25%,0.20847365709052723,0.39333923316180525
50%,0.3293601000613433,0.513025670946377
75%,0.4395562856961325,0.6115932980063913
max,0.8967460035811945,0.8809589587806628
