,termnorm_sys,termnorm_bert
count,180.0,60.0
mean,0.3552730659034412,0.503067002365165
std,0.21632330362341098,0.1831195361720081
min,-0.208797906546618,-0.02548479641626657
25%,0.20221066463039153,0.4009779574269086
50%,0.3415550598896568,0.5291655737902462
75%,0.4875388603092583,0.6229181824439951
max,0.9002788864076213,0.8811443934610432
