,termrep_ldh,termrep_xdh,termrep_xdx
count,60.0,60.0,60.0
mean,0.3591564927660053,0.3765635569944238,0.33009914794989453
std,0.2310034113410875,0.21013374231460316,0.20816838140879723
min,-0.20879790654661798,-0.06823587695414818,-0.054591268873763615
25%,0.19718394843268533,0.22727922041431076,0.18587841173161213
50%,0.3486839872239315,0.3674095257334469,0.32896933983323495
75%,0.5125653842716218,0.513832826002669,0.4322452217652674
max,0.8780889902918535,0.8807441641434504,0.9002788864076213
