,termrep_ldh,termrep_xdh,termrep_xdx
count,60.0,60.0,60.0
mean,0.3445089631233683,0.34290780037582075,0.3277331950495678
std,0.2208294087064465,0.22471709086373615,0.2114503246140187
min,-0.164726922774838,-0.2396622000412514,-0.21988588642079512
25%,0.21218346762649862,0.19308137991226854,0.20847365709052723
50%,0.348845724575601,0.32661699987939885,0.31351640933997604
75%,0.44376320166760586,0.4288465927363724,0.4266945360681357
max,0.8823539939589854,0.8837129412058656,0.8967460035811945
