,transitivity_In,transitivity_Tr,transitivity_Di
count,60.0,60.0,60.0
mean,0.4269055507882436,0.3111271136864891,0.2771172940740243
std,0.2330562490874373,0.1892069145971734,0.2036979437981748
min,0.0319371642384362,-0.07730847989398038,-0.2396622000412514
25%,0.2671072192302552,0.19292800254148038,0.1609133427040128
50%,0.40338034350066376,0.2777567401930325,0.27969880371891276
75%,0.5636383095151505,0.4134087782237641,0.38618687570044863
max,0.8967460035811945,0.7772382648458579,0.7147483210273429
