,transitivity_In,transitivity_Tr,transitivity_Di
count,60.0,60.0,60.0
mean,0.4535893124658558,0.3331118103589636,0.2791180748855043
std,0.22622133507386794,0.1888319877675247,0.19726316962338977
min,-0.06517303416748521,-0.054591268873763615,-0.20879790654661798
25%,0.30514290602481825,0.1925953330981328,0.18803942907406868
50%,0.4394784649167638,0.323206681367554,0.27162457785360894
75%,0.5899534233276081,0.4481255401642025,0.3868257786890925
max,0.9002788864076213,0.7762180204828697,0.7169574271686777
