Source,ldh_spear,ldh_p,xdh_spear,xdh_p,xdx_spear,xdx_p
I01T-gNSC-r1-In-N50-VS-N70,0.758093304,2.99E-14,0.645224311,1.64E-09,0.800288873,9.39E-17
I01T-gNSC-r2-In-N50-VS-N70,0.763151171,1.60E-14,0.777710761,2.40E-15,0.479435046,2.68E-05
I02T-gNSC-r1-Tr-N50-VS-N70,0.005170273,0.966116857,-0.02422007,0.842246993,0.233652439,0.051568834
I02T-gNSC-r2-Tr-N50-VS-N70,0.018682084,0.87800044,0.013304953,0.912950519,0.131567151,0.277621794