source,spearman,p_val
I01T-gNSC-r2-ldh-In-N50-VS-N70,0.763151171,1.6e-14
I01T-gNSC-r2-xdh-In-N50-VS-N70,0.777710761,2.4e-15
I01T-gNSC-r2-xdx-In-N50-VS-N70,0.479435046,2.68e-05
I02T-gNSC-r2-ldh-Tr-N50-VS-N70,0.018682084,0.87800044
I02T-gNSC-r2-xdh-Tr-N50-VS-N70,0.013304953,0.912950519
I02T-gNSC-r2-xdx-Tr-N50-VS-N70,0.131567151,0.277621794
