source,spearman,p_val
I01T-gNSC-r1-ldh-In-N50-VS-N70,0.758093304,2.99e-14
I01T-gNSC-r1-xdh-In-N50-VS-N70,0.645224311,1.64e-09
I01T-gNSC-r1-xdx-In-N50-VS-N70,0.800288873,9.39e-17
I02T-gNSC-r1-ldh-Tr-N50-VS-N70,0.005170273,0.966116857
I02T-gNSC-r1-xdh-Tr-N50-VS-N70,-0.02422007,0.842246993
I02T-gNSC-r1-xdx-Tr-N50-VS-N70,0.233652439,0.051568834
