,primacy_r1,primacy_r2
count,180.0,180.0
mean,0.34744497414143694,0.3314691409132845
std,0.22811375948802184,0.23680786796129366
min,-0.2810685521788711,-0.2158475639852216
25%,0.22430680550361098,0.15870111636734183
50%,0.3196132951849088,0.31666042716161397
75%,0.47092697410612067,0.45612206247723924
max,0.900717883681911,0.8946679207016486
