,primacy_r1,primacy_r2
count,180.0,180.0
mean,0.32142053506418455,0.34899925718166114
std,0.2273201300429546,0.22834924191401243
min,-0.21923825756103826,-0.2045742363292406
25%,0.17188994003546648,0.18733916252739796
50%,0.3053817747869665,0.32608453705512497
75%,0.4365069757458471,0.48648248403630423
max,0.8757692093811993,0.8916452733465906
