,targeting_T,targeting_U
count,180.0,180.0
mean,0.3796709978920717,0.29924311716264973
std,0.24226226323028544,0.21517152488727023
min,-0.1544842395685526,-0.2810685521788711
25%,0.221889740300312,0.17618224528313742
50%,0.3683703236344834,0.2850268964919651
75%,0.5419948491804183,0.41628613532760034
max,0.8597497015612169,0.900717883681911
