,targeting_T,targeting_U
count,180.0,180.0
mean,0.38437453911241704,0.2860452531334287
std,0.2391265450310375,0.20532267075723273
min,-0.17920371661280224,-0.21923825756103826
25%,0.21098820799107823,0.15093513820726848
50%,0.3694958779962601,0.2945247130057499
75%,0.5225321068028297,0.4036578348577099
max,0.841897843068842,0.8916452733465906
