,termrep_ldh,termrep_xdh,termrep_xdx
count,120.0,120.0,120.0
mean,0.3390161112201426,0.3414668750611772,0.3378881863007623
std,0.23668539456443888,0.2406557265655846,0.22107954031524094
min,-0.24432939002208134,-0.2810685521788711,-0.1544842395685526
25%,0.17809440306372407,0.19723022696563358,0.1849298718136439
50%,0.32812427625332985,0.3474195837910504,0.3079590230886857
75%,0.4665857808292744,0.47189325833906104,0.45265655760061424
max,0.8946679207016486,0.898200976247175,0.900717883681911
