,termnorm_sys,termnorm_bert
count,360.0,120.0
mean,0.3394570575273607,0.49895054781634224
std,0.2323151629725994,0.2004690860923254
min,-0.2810685521788711,-0.21230424904513695
25%,0.18746979359229052,0.4068914519356507
50%,0.31805345742440627,0.5210175949287151
75%,0.4676428447001477,0.6181850565935274
max,0.900717883681911,0.8847963505883607
