,termrep_ldh,termrep_xdh,termrep_xdx
count,120.0,120.0,120.0
mean,0.3214338857245829,0.33264674113612025,0.3515490615080655
std,0.22787714381600643,0.22717079731398915,0.22964406214124386
min,-0.21923825756103826,-0.1792332497120518,-0.17920371661280224
25%,0.15241885596444066,0.16535386464228535,0.19697325916957104
50%,0.3057623628558842,0.32341851712209313,0.3185847436861006
75%,0.4425696677557038,0.45221300254415264,0.4886210621990572
max,0.8713596997994436,0.8757692093811993,0.8916452733465906
