,termnorm_sys,termnorm_bert
count,360.0,120.0
mean,0.33520989612292285,0.4872976908050771
std,0.2279363770354604,0.19625708940645
min,-0.21923825756103826,-0.13826696315407416
25%,0.17444362875417868,0.38498548061781046
50%,0.3138585988603799,0.5073885361524251
75%,0.46599828930292125,0.6066727645972951
max,0.8916452733465906,0.8819891514494429
