,transitivity_In,transitivity_Tr,transitivity_Di
count,120.0,120.0,120.0
mean,0.42412320962936234,0.32245585665585286,0.25905062208355345
std,0.24827993338528886,0.2066250937768616,0.1960007517232944
min,-0.1792332497120518,-0.06850144518686735,-0.21923825756103826
25%,0.278962005803754,0.1749590837250879,0.11803128266503553
50%,0.4255062116487381,0.30197915717354795,0.26369933420681974
75%,0.5481374973791333,0.42337157112167617,0.3743111548846699
max,0.8916452733465906,0.7764596573056826,0.7223321596362553
