,transitivity_In,transitivity_Tr,transitivity_Di
count,120.0,120.0,120.0
mean,0.4340148406037375,0.32517171237864323,0.25918461959970146
std,0.23307291891693727,0.22217921469660437,0.2083544368610321
min,-0.09153115144154787,-0.14179737422129857,-0.2810685521788711
25%,0.2762536368153681,0.17618224528313742,0.15010733030610574
50%,0.41697146857476797,0.30418521074708743,0.25320056851438477
75%,0.551474852577537,0.45371555490129456,0.3908071145615377
max,0.900717883681911,0.7771308707023855,0.7206013135873743
