,primacy_r1,primacy_r2
count,180.0,180.0
mean,0.3376982814198686,0.34752919513706654
std,0.21827904929545097,0.2270480507923379
min,-0.26902161735655783,-0.14769667705889958
25%,0.20885211266320053,0.1689539569222132
50%,0.32723010296402255,0.361675197115481
75%,0.4479565447350804,0.4629005696124534
max,0.8903003864696405,0.8949063959555998
