,termrep_ldh,termrep_xdh,termrep_xdx
count,120.0,120.0,120.0
mean,0.350241207319054,0.3422923036992593,0.3353077038170896
std,0.22931137631663756,0.23596348432842773,0.20226135648863408
min,-0.14769667705889958,-0.26902161735655783,-0.07513115077501896
25%,0.20207668595716655,0.19229659480829012,0.20245175974762736
50%,0.36428608340401264,0.3687091694867344,0.32244142138588106
75%,0.46223429058470555,0.483615720951033,0.43896044323538097
max,0.8924954586883764,0.89159652435118,0.8949063959555998
