,transitivity_In,transitivity_Tr,transitivity_Di
count,120.0,120.0,120.0
mean,0.41259997350425154,0.34197458727913776,0.27326665405201356
std,0.24351769366426476,0.20468753091922642,0.19569823667839809
min,-0.0765899025448956,-0.03082731687532258,-0.26902161735655783
25%,0.26266665335016076,0.2055505191154742,0.1412751711018429
50%,0.4163977287643299,0.3314351226628625,0.2779723908856076
75%,0.5171876431466309,0.44530966118994236,0.39992224525887166
max,0.8949063959555998,0.7783927518881865,0.7099201715225698
