,primacy_r1,primacy_r2
count,180.0,180.0
mean,0.34271015469510746,0.3489118335750143
std,0.23101956243271116,0.23173403767784292
min,-0.23415730929463144,-0.16670245239220866
25%,0.20048320410074089,0.1695859686195001
50%,0.3273648554517884,0.3477870084591202
75%,0.45103398546925155,0.4735367540655458
max,0.8892533562857233,0.9004252188323847
