,primacy_r1,primacy_r2
count,180.0,180.0
mean,0.3467320413173996,0.3489494553649481
std,0.23021213937767643,0.2319084859476885
min,-0.23020814854162147,-0.16670245239220866
25%,0.20627669811730187,0.1695859686195001
50%,0.33087380226947377,0.339952819469015
75%,0.45829874822038974,0.4735367540655458
max,0.8892533562857233,0.8998398891333316
