,targeting_T,targeting_U
count,180.0,180.0
mean,0.39069593297954036,0.3009260552905815
std,0.24097227325859893,0.21206267516031477
min,-0.2005379146420156,-0.23415730929463144
25%,0.22347892673026673,0.15344450187269443
50%,0.3868263282934974,0.30366516400742344
75%,0.5997577760894002,0.41625602295898617
max,0.8714628330920592,0.9004252188323847
