,targeting_T,targeting_U
count,180.0,180.0
mean,0.38981012905976353,0.305871367622584
std,0.24062125667456893,0.2129331336332313
min,-0.11855287932276921,-0.23020814854162147
25%,0.21757137595698584,0.15777682251304714
50%,0.3868263282934974,0.3123174426533174
75%,0.6115825315633989,0.41831967697895617
max,0.8714628330920592,0.8998398891333316
