,termnorm_sys,termnorm_bert
count,360.0,120.0
mean,0.34784074834117384,0.5098581549206853
std,0.23074250286221074,0.17714882587452874
min,-0.2302081485416215,-0.09027377738753097
25%,0.1884688141132695,0.41915784668724854
50%,0.33310147107887256,0.5231566656048098
75%,0.46932610580918954,0.6392943627462168
max,0.8998398891333316,0.8810486285749647
