,termrep_ldh,termrep_xdh,termrep_xdx
count,120.0,120.0,120.0
mean,0.342238470347877,0.3447607928280026,0.35043371922930305
std,0.23361021684670144,0.23317478172904482,0.22826579858254825
min,-0.23415730929463144,-0.16670245239220866,-0.2005379146420156
25%,0.20048320410074089,0.19071884084692084,0.18336532415267734
50%,0.3346024610631445,0.34312305115709324,0.3123174426533174
75%,0.4556457843995987,0.45807790235738,0.4704356900447763
max,0.8902568276832693,0.8882916961964085,0.9004252188323847
