,termnorm_sys,termnorm_bert
count,360.0,120.0
mean,0.34581099413506083,0.5092750689229212
std,0.2310754631501636,0.17734898744758462
min,-0.23415730929463144,-0.09086537289775029
25%,0.19034038833710307,0.4236781973379052
50%,0.3320747823404259,0.5231566656048098
75%,0.46808185031909166,0.6292773103654192
max,0.9004252188323847,0.8810486285749647
