,termrep_ldh,termrep_xdh,termrep_xdx
count,120.0,120.0,120.0
mean,0.34020720349840017,0.34968058903963006,0.3536344524854912
std,0.23556471046208902,0.23275391457842987,0.22552160062182167
min,-0.23020814854162147,-0.16670245239220866,-0.11855287932276921
25%,0.19746792203829677,0.1923264582620877,0.18783847346991472
50%,0.3324060028290608,0.35133215704962356,0.3245839145826135
75%,0.4550047391620214,0.4785590911244641,0.46980352304882955
max,0.8927655061771342,0.8927236948689032,0.8998398891333316
