,transitivity_In,transitivity_Tr,transitivity_Di
count,120.0,120.0,120.0
mean,0.4227718581517173,0.3474765624993796,0.2732738243724246
std,0.25378058431005085,0.21367668319667898,0.19821676368778482
min,-0.04653608235081124,-0.04987909376178025,-0.23020814854162147
25%,0.2719022661949388,0.19980439003373862,0.1317545343579
50%,0.41629790446436943,0.3239512603083097,0.2762225395447466
75%,0.6008871875685846,0.4371623510135174,0.4059362430188822
max,0.8998398891333316,0.7763254146263421,0.7034522731293834
