,transitivity_In,transitivity_Tr,transitivity_Di
count,120.0,120.0,120.0
mean,0.4177775165560529,0.3477880249838144,0.2718674408653154
std,0.2559637021131162,0.21330486234332613,0.19831388608622694
min,-0.040368248790131615,-0.04987909376178025,-0.23415730929463144
25%,0.2519239763698099,0.2030028864553691,0.11648707492697306
50%,0.4160606668808049,0.3252508563499429,0.27575932259049374
75%,0.6008871875685846,0.4354194888667834,0.4093691853888495
max,0.9004252188323847,0.7763254146263421,0.7028601415863451
