,transitivity_In,transitivity_Tr,transitivity_Di
count,40.0,40.0,40.0
mean,0.5170730827969219,0.5654164646516253,0.4453356593202165
std,0.17370147609650616,0.13535735373427327,0.19997253508700655
min,0.20244651204605915,0.22230854124353566,-0.09086537289775029
25%,0.42178933591471834,0.48996848521915926,0.27943018627805805
50%,0.518862476318185,0.5619960114320738,0.4639441701372907
75%,0.577402790084693,0.650996156046756,0.6090625886139418
max,0.8810486285749647,0.7716989810982285,0.7092642226355855
