,primacy_r1,primacy_r2
count,60.0,60.0
mean,0.5141307772171463,0.5055855326242242
std,0.1864353441485789,0.16881954677689603
min,-0.09027377738753097,0.049620073419646346
25%,0.4275089385544897,0.39987105249425686
50%,0.5328659908012254,0.5186093016020453
75%,0.650349872777293,0.6236071405540075
max,0.880382050886146,0.8810486285749647
