,targeting_T,targeting_U
count,60.0,60.0
mean,0.5505374449853436,0.46917886485602683
std,0.17338898798930477,0.1728174205318205
min,-0.09027377738753097,0.13292699106489786
25%,0.46202618773706583,0.3665327190645452
50%,0.5644573370211912,0.4968273036649178
75%,0.6585519500843638,0.5776127416828599
max,0.8810486285749647,0.880382050886146
