,primacy_r1,primacy_r2
count,60.0,60.0
mean,0.512727291391488,0.5058228464543546
std,0.18700931981919178,0.16864666410151952
min,-0.09086537289775029,0.049620073419646346
25%,0.43106530101037743,0.39987105249425686
50%,0.5294015814448421,0.5161545672030903
75%,0.6501195199170409,0.6236071405540075
max,0.8802879523247209,0.8810486285749647
