,targeting_T,targeting_U
count,60.0,60.0
mean,0.550187120456709,0.4683630173891335
std,0.1735647595308836,0.17294324551072296
min,-0.09086537289775029,0.1425799038444043
25%,0.4535158438712678,0.3646766228860525
50%,0.5644573370211912,0.4959458082864723
75%,0.6617745991509936,0.5760805605933477
max,0.8810486285749647,0.880217220059141
