,transitivity_In,transitivity_Tr,transitivity_Di
count,40.0,40.0,40.0
mean,0.5167924091971307,0.5661980601855545,0.4465839953793706
std,0.1724807469302578,0.13561410723448547,0.2005055520712431
min,0.2001124142671098,0.22230854124353566,-0.09027377738753097
25%,0.42178933591471834,0.49077302333183725,0.2755471245776896
50%,0.517189073451017,0.5619960114320738,0.47195962161763233
75%,0.5776127416828599,0.6523992355311664,0.6196092461076328
max,0.8810486285749647,0.7716989810982285,0.7092642226355855
