,primacy_r1,primacy_r2
count,60.0,60.0
mean,0.3464406892645647,0.3540417253735433
std,0.22474941591621717,0.2356204287370402
min,-0.13586708610860557,-0.14769667705889958
25%,0.2205918140674614,0.16486303134518357
50%,0.3374741258288547,0.36449336006231137
75%,0.451925442077408,0.4750432836671643
max,0.8903003864696405,0.8924954586883764
