,transitivity_In,transitivity_Tr,transitivity_Di
count,40.0,40.0,40.0
mean,0.4267850040499219,0.34944693193682264,0.27449168597041734
std,0.263234222242546,0.1996514633230382,0.1984938597863918
min,-0.07232881197828608,0.005170272993265612,-0.14769667705889958
25%,0.34249457700138636,0.22261504636680784,0.16648113742543147
50%,0.4482001482035859,0.34668303073010054,0.27186586149485636
75%,0.5575747370161385,0.4370767550722716,0.40285588866941036
max,0.8924954586883764,0.7513321337021722,0.6619359977240142
