,targeting_T,targeting_U
count,60.0,60.0
mean,0.39320392960975503,0.3072784850283529
std,0.23484837308169573,0.21714222344189293
min,0.005170272993265612,-0.14769667705889958
25%,0.21323831491020911,0.17339235045191653
50%,0.3827954146350578,0.3020518605973549
75%,0.6046938314851509,0.4378313216313682
max,0.8568260368460301,0.8924954586883764
