,primacy_r1,primacy_r2
count,180.0,180.0
mean,0.35462118111565333,0.34430561947588956
std,0.22604576864193776,0.22632130105900744
min,-0.18529143129021516,-0.14769667705889958
25%,0.21138575307042545,0.17158605775525249
50%,0.34536300255954255,0.3504155657540221
75%,0.48142232254716366,0.45583664083823305
max,0.8985019926783534,0.8949063959555998
