,targeting_T,targeting_U
count,180.0,180.0
mean,0.39365724170825334,0.3052695588832896
std,0.23409960391016074,0.20890400999250608
min,-0.04829012571367249,-0.18529143129021516
25%,0.2166977157852085,0.17158605775525249
50%,0.38926535576131077,0.3230944999724318
75%,0.5985049811764834,0.43097583024012576
max,0.8723024825404939,0.8985019926783534
