,targeting_T,targeting_U
count,180.0,180.0
mean,0.38507963379329346,0.30014784276364165
std,0.232928351225519,0.20337817869573474
min,-0.04829012571367249,-0.26902161735655783
25%,0.2094098607707521,0.16570568554298848
50%,0.3828561930308187,0.31374404663105737
75%,0.5291496983770507,0.4261108414143949
max,0.8723024825404939,0.8949063959555998
