,termnorm_sys,termnorm_bert
count,360.0,120.0
mean,0.3426137382784676,0.5092750689229212
std,0.22245078694871667,0.17734898744758462
min,-0.26902161735655783,-0.09086537289775029
25%,0.20245175974762736,0.4236781973379052
50%,0.34413279808318664,0.5231566656048098
75%,0.45288046103597046,0.6292773103654192
max,0.8949063959555998,0.8810486285749647
