,termrep_ldh,termrep_xdh,termrep_xdx
count,120.0,120.0,120.0
mean,0.35085871861433765,0.3492447676108283,0.3482867146621485
std,0.22936472438366534,0.23625777234589687,0.21344343086955342
min,-0.14769667705889958,-0.18529143129021516,-0.062270725052612316
25%,0.21094613958012615,0.20498077994034722,0.19976622302150376
50%,0.36449336006231137,0.3743619577555734,0.3316391201696993
75%,0.46219568370439124,0.4896112410016973,0.46302857894361554
max,0.8920965252454369,0.8923055817865924,0.8985019926783534
