,termnorm_sys,termnorm_bert
count,360.0,120.0
mean,0.3494634002957715,0.5098581549206853
std,0.2259273843847093,0.17714882587452874
min,-0.1852914312902152,-0.09027377738753097
25%,0.20366640671320338,0.41915784668724854
50%,0.3483892201311185,0.5231566656048098
75%,0.4675905386299863,0.6392943627462168
max,0.8985019926783534,0.8810486285749647
