,transitivity_In,transitivity_Tr,transitivity_Di
count,120.0,120.0,120.0
mean,0.42379354248532103,0.3457871684752444,0.27880948992674903
std,0.24930256841336662,0.20771826854275235,0.1951148813792428
min,-0.0765899025448956,-0.0242200699405604,-0.18529143129021516
25%,0.2762536368153681,0.20456472305512038,0.1588642657889155
50%,0.4264659546477183,0.3315098855421771,0.2864098400425014
75%,0.54183496840516,0.44555162066249776,0.405551753873761
max,0.8985019926783534,0.7783927518881865,0.7088953284673115
