,transitivity_In,transitivity_Tr,transitivity_Di
count,40.0,40.0,40.0
mean,0.4977912415415389,0.563942640907635,0.40015918996605765
std,0.18939028282551282,0.13454519580933658,0.22277531803179823
min,0.1992281202475405,0.19991015447014535,-0.13826696315407416
25%,0.3903651679747193,0.4846188194968791,0.26878283729470737
50%,0.4791768783798628,0.5551468636660166,0.4444206948584246
75%,0.5632935101748102,0.6497736979673211,0.5766064639600457
max,0.8819891514494429,0.7728431820494084,0.6977225424226661
