,transitivity_In,transitivity_Tr,transitivity_Di
count,40.0,40.0,40.0
mean,0.5081507069072827,0.5787266662400619,0.409974270301682
std,0.17137010443919737,0.1303987104759092,0.24803012458919854
min,0.21032409205001315,0.24376000434845743,-0.21230424904513695
25%,0.4068914519356507,0.5092707790552865,0.3036692450432006
50%,0.49078809339347274,0.5799094740729074,0.45561040983009105
75%,0.5637351062750082,0.6694730955704158,0.5892569656729446
max,0.8847963505883607,0.773342562838309,0.7015352339113146
