,primacy_r1,primacy_r2
count,60.0,60.0
mean,0.4930984117487471,0.4814969698614073
std,0.2074317758424346,0.18598424446651707
min,-0.13826696315407416,-0.1256031217634416
25%,0.38852130543069474,0.37879277562213165
50%,0.5173619490501947,0.5008954237365919
75%,0.6339011327664137,0.5911545793051028
max,0.8819891514494429,0.879599104457873
