,targeting_T,targeting_U
count,60.0,60.0
mean,0.5302522106543547,0.4443431709557996
std,0.19265457626271978,0.19188018504369297
min,-0.13826696315407416,-0.10701631242192562
25%,0.44283791932792627,0.2957838244298462
50%,0.5454830157645316,0.47235031232175206
75%,0.6619049097466606,0.5602754903648676
max,0.879508722995203,0.8819891514494429
