,primacy_r1,primacy_r2
count,60.0,60.0
mean,0.34651233143946086,0.33945199323235414
std,0.24199437196575205,0.24658539219511422
min,-0.3146164733231275,-0.1602800798544854
25%,0.193295363602555,0.15599271753171856
50%,0.3471819030897135,0.34624554927649936
75%,0.502276199983982,0.503670712732329
max,0.8666763753178995,0.8953996185956924
