,targeting_T,targeting_U
count,60.0,60.0
mean,0.546397997108268,0.45150309852441645
std,0.18654923923537486,0.20415044837572868
min,-0.17960469943064988,-0.21230424904513695
25%,0.4706725593101441,0.34204197844571904
50%,0.5468921412280502,0.48509403794333184
75%,0.666453486508972,0.5707734510512024
max,0.8847963505883607,0.8795372928977461
