,targeting_T,targeting_U
count,60.0,60.0
mean,0.3870738941038189,0.29889043056799597
std,0.2518082534968769,0.2280998008430222
min,-0.04316901068253669,-0.3146164733231275
25%,0.20161056025036672,0.17070068639852673
50%,0.39982963954793016,0.3271988639690398
75%,0.5896111579944641,0.4114404652431892
max,0.8446757585030225,0.8953996185956924
