,transitivity_In,transitivity_Tr,transitivity_Di
count,40.0,40.0,40.0
mean,0.453617146172585,0.32266067279668026,0.2526686680384571
std,0.23773639666710186,0.22837868114071358,0.22494118278412406
min,-0.07236111207970006,-0.03816844039020002,-0.3146164733231275
25%,0.3441705811911162,0.17039122902686893,0.14653288453418845
50%,0.44568928792441664,0.3180133313901116,0.24825812489524823
75%,0.5951377348090502,0.4611341033371452,0.38349829250682027
max,0.8953996185956924,0.7462550544540612,0.6576295048440183
