,primacy_r1,primacy_r2
count,60.0,60.0
mean,0.49524571505746223,0.5026553805752221
std,0.2125849452051886,0.18930552884949017
min,-0.21230424904513695,-0.17960469943064988
25%,0.41864839525833464,0.4017868237762916
50%,0.5233480447944936,0.5207561220187775
75%,0.6204946046480095,0.6181850565935274
max,0.8847963505883607,0.878877918299879
