,primacy_r1,primacy_r2
count,180.0,180.0
mean,0.34982557025774574,0.33740472243530806
std,0.23571978228325957,0.22926130731424224
min,-0.3146164733231275,-0.19957223482130174
25%,0.19438738264344274,0.1603897880100371
50%,0.3523861675611187,0.34257814327977854
75%,0.4830363745505841,0.4508061193217083
max,0.9011277678233508,0.8953996185956924
