,primacy_r1,primacy_r2
count,180.0,180.0
mean,0.33991455685169775,0.3409945503455025
std,0.22452436415005161,0.23000070455831442
min,-0.18142205156251856,-0.1584285153892823
25%,0.18752202765781836,0.18263972296502579
50%,0.32602237624763886,0.3341809090880288
75%,0.4500228644702891,0.47750988806407724
max,0.8757692093811993,0.9005924558892568
