,targeting_T,targeting_U
count,180.0,180.0
mean,0.39061978339885706,0.29661050929419674
std,0.23808842272754305,0.21696192565430963
min,-0.07671174156102177,-0.3146164733231275
25%,0.2125903916363716,0.16902930544113337
50%,0.3845044682112492,0.30716257668277264
75%,0.5499234009811288,0.40984855617435845
max,0.8598243390906518,0.9011277678233508
