,targeting_T,targeting_U
count,180.0,180.0
mean,0.3802871602929563,0.300621946904244
std,0.24136960813198688,0.204601593397187
min,-0.14756596990946336,-0.18142205156251856
25%,0.21365706115150182,0.1527122563931007
50%,0.3694958779962601,0.31427215613344883
75%,0.5244249961337409,0.4150017280893742
max,0.8401812264187087,0.9005924558892568
