,termrep_ldh,termrep_xdh,termrep_xdx
count,120.0,120.0,120.0
mean,0.3333682661927029,0.3363244022022079,0.3516709924008897
std,0.2234506277224452,0.2274319617759224,0.23141315973757084
min,-0.10818307032487914,-0.18142205156251856,-0.1584285153892823
25%,0.17679888977919983,0.18017102645562694,0.20881103814309956
50%,0.3182825430111559,0.344064895908028,0.3308423266200738
75%,0.4453308267491814,0.44936296101575424,0.49344596170581995
max,0.8713596997994436,0.8757692093811993,0.9005924558892568
