,termnorm_sys,termnorm_bert
count,360.0,120.0
mean,0.34045455359860016,0.4872976908050771
std,0.22696290798962848,0.19625708940645
min,-0.18142205156251856,-0.13826696315407416
25%,0.18518927154223785,0.38498548061781046
50%,0.3324991257520381,0.5073885361524251
75%,0.45896331444643435,0.6066727645972951
max,0.9005924558892568,0.8819891514494429
