,termrep_ldh,termrep_xdh,termrep_xdx
count,120.0,120.0,120.0
mean,0.3429821623359074,0.34650748883326893,0.3413557878704044
std,0.24329785531989262,0.238113848655157,0.21645274450193297
min,-0.3146164733231275,-0.19957223482130174,-0.07671174156102177
25%,0.17139455738672155,0.19711901393557363,0.16938220613177585
50%,0.3471819030897135,0.3678057234401626,0.33038540506153824
75%,0.502276199983982,0.47917575559324926,0.4489977214161858
max,0.8953996185956924,0.9011277678233508,0.900717883681911
