,termnorm_sys,termnorm_bert
count,360.0,120.0
mean,0.3436151463465269,0.49895054781634224
std,0.23227218275804445,0.2004690860923254
min,-0.3146164733231275,-0.21230424904513695
25%,0.1790611258264514,0.4068914519356507
50%,0.3502439940415014,0.5210175949287151
75%,0.4709269741061207,0.6181850565935274
max,0.9011277678233508,0.8847963505883607
