,transitivity_In,transitivity_Tr,transitivity_Di
count,120.0,120.0,120.0
mean,0.43967082859366446,0.31439601353464325,0.2672968186674928
std,0.22899140966714754,0.21850574679227155,0.19802028762369084
min,-0.11900380757222462,-0.11049947751681516,-0.18142205156251856
25%,0.3002337188961751,0.13959934125724643,0.13998196893856954
50%,0.41632144273790755,0.30458528460076717,0.27604457859047205
75%,0.5518020469193948,0.4356832720439275,0.391048212019174
max,0.9005924558892568,0.7771308707023855,0.710762766161445
