,transitivity_In,transitivity_Tr,transitivity_Di
count,120.0,120.0,120.0
mean,0.4378816416014913,0.33262469066166556,0.26033910677642386
std,0.23591275056928096,0.2192497758709275,0.2072600134498999
min,-0.0899035245727571,-0.07671174156102177,-0.3146164733231275
25%,0.29653379128215895,0.17225768688072274,0.1420371941610958
50%,0.42874207783904333,0.3120061989609949,0.2649105084555646
75%,0.5698179248784936,0.4749003647970386,0.38149753116532314
max,0.9011277678233508,0.7758958380524524,0.7196447934024665
