,targeting_T,targeting_U
count,180.0,180.0
mean,0.522222222222222,0.4333333333333332
std,0.8551882771925419,0.9037476287859971
min,-0.9999999999999999,-0.9999999999999999
25%,0.9999999999999999,-0.9999999999999999
50%,0.9999999999999999,0.9999999999999999
75%,0.9999999999999999,0.9999999999999999
max,0.9999999999999999,0.9999999999999999
