,termrep_ldh,termrep_xdh,termrep_xdx
count,120.0,120.0,120.0
mean,0.5166666666666665,0.5166666666666665,0.39999999999999997
std,0.8597765327540113,0.8597765327540113,0.9203579866168443
min,-0.9999999999999999,-0.9999999999999999,-0.9999999999999999
25%,0.9999999999999999,0.9999999999999999,-0.9999999999999999
50%,0.9999999999999999,0.9999999999999999,0.9999999999999999
75%,0.9999999999999999,0.9999999999999999,0.9999999999999999
max,0.9999999999999999,0.9999999999999999,0.9999999999999999
