,transitivity_In,transitivity_Tr,transitivity_Di
count,120.0,120.0,120.0
mean,0.6999999999999998,0.3499999999999999,0.3833333333333332
std,0.7171371656006361,0.9406773886831933,0.9274826627144328
min,-0.9999999999999999,-0.9999999999999999,-0.9999999999999999
25%,0.9999999999999999,-0.9999999999999999,-0.9999999999999999
50%,0.9999999999999999,0.9999999999999999,0.9999999999999999
75%,0.9999999999999999,0.9999999999999999,0.9999999999999999
max,0.9999999999999999,0.9999999999999999,0.9999999999999999
