,targeting_T,targeting_U
count,90.0,90.0
mean,0.39045952378844456,0.31775743263641415
std,0.22671353987249268,0.2107558360406204
min,-0.1799662856196652,-0.22720877545087959
25%,0.19773751035092424,0.19935392763952312
50%,0.3950416641803056,0.3243546078388216
75%,0.5192831796717869,0.4385996732534506
max,0.8438705671739306,0.9010314531635464
