,targeting_T,targeting_U
count,90.0,90.0
mean,0.3751959293872245,0.31643523726094064
std,0.23700739850306424,0.19948534145680136
min,-0.2635296614414885,-0.16090144336280623
25%,0.216879664705432,0.20231096571942803
50%,0.37010372329453367,0.3224099519265365
75%,0.5211284232697696,0.4113414623614131
max,0.8565776065602314,0.8978957583471915
