,termnorm_sys,termnorm_bert
count,180.0,60.0
mean,0.3458155833240826,0.49940229963000227
std,0.22041646335590645,0.17365641125885248
min,-0.2635296614414885,-0.026473899082315042
25%,0.2044791694084505,0.39333923316180525
50%,0.33584581266932356,0.513025670946377
75%,0.45965288168513274,0.6115932980063913
max,0.8978957583471915,0.8809589587806628
