,termnorm_sys,termnorm_bert
count,180.0,60.0
mean,0.3541084782124294,0.503067002365165
std,0.22129089684605313,0.1831195361720081
min,-0.2272087754508796,-0.02548479641626657
25%,0.1975756340721057,0.4009779574269086
50%,0.343768415497369,0.5291655737902462
75%,0.48990474205086415,0.6229181824439951
max,0.9010314531635464,0.8811443934610432
