,termrep_ldh,termrep_xdh,termrep_xdx
count,60.0,60.0,60.0
mean,0.35205357924553454,0.37416388873022516,0.33610796666152837
std,0.24097667920910493,0.2128321453327495,0.21085266983599707
min,-0.22720877545087959,-0.05405491373838387,-0.1799662856196652
25%,0.1847413174930102,0.21752977745836874,0.18500771737432048
50%,0.3601044681455342,0.3783566284499623,0.3318734746063009
75%,0.5073343209097738,0.5102104463133448,0.4555647790498623
max,0.8782771522183446,0.8815386256108573,0.9010314531635464
