,termrep_ldh,termrep_xdh,termrep_xdx
count,60.0,60.0,60.0
mean,0.34481775761291633,0.3508467880630661,0.34178220429626516
std,0.2265249460694449,0.21409028750745634,0.22406616566489113
min,-0.16090144336280623,-0.1294515106503201,-0.2635296614414885
25%,0.2159203892278518,0.2168135891194122,0.16585002578563265
50%,0.3261482859050139,0.33584581266932356,0.34074207563245057
75%,0.4521879032750571,0.452852605891764,0.4607399243937993
max,0.8823539939589854,0.8840056375359631,0.8978957583471915
