,transitivity_In,transitivity_Tr,transitivity_Di
count,60.0,60.0,60.0
mean,0.44121931862965774,0.3177189314826859,0.27850849985990406
std,0.22375282415130593,0.19057741579769882,0.2152814410067587
min,-0.03205297752866489,-0.014027679311534142,-0.2635296614414885
25%,0.29430943007127447,0.2091473664426947,0.15462533986609472
50%,0.4137296652201631,0.27918094001016097,0.27250131469431327
75%,0.5640307283418597,0.40916370833581384,0.3951389121267301
max,0.8978957583471915,0.7756273526937714,0.7146572238668755
