,transitivity_In,transitivity_Tr,transitivity_Di
count,60.0,60.0,60.0
mean,0.4565606144755256,0.3292910528185302,0.27647376734323215
std,0.22859125919572137,0.19181885364598092,0.2051597966258822
min,-0.0643130867767295,0.005207396965823791,-0.22720877545087959
25%,0.34543394599733745,0.19557734973095411,0.16649713485200834
50%,0.4566998400405157,0.31860080397146684,0.2714265355624983
75%,0.5739743726780175,0.4405937462689069,0.380684282456483
max,0.9010314531635464,0.7756542012296395,0.7161147784343541
