,-In-,-Tr-,-Di-,T-,U-,-r2-
count,20.0,20.0,20.0,30.0,30.0,60.0
mean,0.480625,0.45499999999999996,0.47791666666666666,0.4291666666666666,0.5069444444444443,0.4696527777777778
std,0.0976260150563848,0.06443070533118261,0.09511169949126635,0.08847635353075768,0.0724612901458709,0.0811583818766655
min,0.325,0.2875,0.30000000000000004,0.2,0.325,0.30000000000000004
50%,0.48125,0.45625000000000004,0.48125,0.43125,0.5,0.46875
max,0.7,0.5874999999999999,0.6625000000000001,0.5874999999999999,0.6625000000000001,0.6625
