,-In-,-Tr-,-Di-,T-,U-,-r2-
count,280.0,280.0,280.0,420.0,420.0,840.0
mean,5.535714285714286,6.935714285714286,7.814285714285714,6.552380952380952,6.9714285714285715,6.761904761904762
std,2.9131040343948196,2.3100550484083504,2.6221710184452878,2.8669158913433925,2.6907678912399318,2.7864778525697425
min,2.0,3.0,3.0,2.0,3.0,2.0
50%,4.0,6.0,7.5,6.0,6.5,6.0
max,31.0,20.0,23.0,31.0,21.0,31.0
