,-In-,-Tr-,-Di-,T-,U-,-r2-
count,20.0,20.0,20.0,30.0,30.0,60.0
mean,0.3652627955492472,0.3080830453071948,0.2932443624323911,0.29861662516331283,0.3457768436959093,0.32219673442961105
std,0.0641755050343455,0.057366047698783444,0.08553684227124789,0.07424433191840088,0.07056887846839564,0.07564801728828184
min,0.20512820512820512,0.17582417582417584,0.16666666666666666,0.16666666666666666,0.2184873949579832,0.16666666666666666
50%,0.3613274008157212,0.2973684210526316,0.27828215398308853,0.3073934837092732,0.33336950623982636,0.3209084604715673
max,0.4788732394366197,0.4563106796116505,0.47,0.42574257425742573,0.4788732394366197,0.4788732394366197
