,-In-,-Tr-,-Di-,T-,U-,-r2-
count,20.0,20.0,20.0,30.0,30.0,60.0
mean,0.3494674541053605,0.29235143523282636,0.27838802427911735,0.2862776480157179,0.32719362772915156,0.3067356378724348
std,0.05986235335569777,0.05480281382845662,0.08080065362658717,0.07118124122074808,0.06794476948969154,0.07200827685687997
min,0.20512820512820512,0.16483516483516483,0.15625,0.15625,0.20168067226890757,0.15625
50%,0.3555802743789396,0.2889245585874799,0.2688473520249221,0.29343583678296864,0.31242539338035813,0.29929496070272765
max,0.4647887323943662,0.4368932038834951,0.4406779661016949,0.40594059405940597,0.4647887323943662,0.4647887323943662
