,-In-,-Tr-,-Di-,T-,U-,-r1-,-r2-
count,40.0,40.0,40.0,60.0,60.0,60.0,60.0
mean,0.47781250000000003,0.4914583333333334,0.5423958333333333,0.45180555555555557,0.5517361111111111,0.45083333333333336,0.5620138888888888
std,0.14845592834325078,0.10681442590397881,0.09289142704610028,0.1083207474943169,0.11448035091424572,0.12569439892415238,0.09241824550044779
min,0.2,0.225,0.375,0.175,0.225,0.2,0.325
50%,0.4875,0.5,0.55625,0.45,0.575,0.46875,0.55
max,0.8125,0.7375,0.7125,0.675,0.7125,0.7250000000000001,0.7875000000000001
