,-In-,-Tr-,-Di-,T-,U-,-r1-,-r2-
count,40.0,40.0,40.0,60.0,60.0,60.0,60.0
mean,0.360996895530837,0.32973658234725783,0.3349847682930934,0.31652803468073837,0.36728412943338723,0.30101945568002,0.3827927084341057
std,0.10156243466396475,0.07980043236160013,0.07551955415161951,0.08120323888060438,0.08528639265124775,0.08242671372732438,0.07059315463921273
min,0.1694915254237288,0.16666666666666666,0.21052631578947367,0.16666666666666666,0.18032786885245902,0.16666666666666666,0.2524271844660194
50%,0.3699248120300752,0.32998350855493713,0.33749126484975545,0.3128765060240964,0.3718686868686869,0.29757343550447,0.3839475549255847
max,0.5432098765432098,0.5420560747663551,0.4845360824742268,0.5432098765432098,0.5420560747663551,0.5342465753424658,0.5432098765432098
