,-In-,-Tr-,-Di-,T-,U-,-r1-,-r2-
count,560.0,560.0,560.0,840.0,840.0,840.0,840.0
mean,4.914285714285715,6.2821428571428575,7.194642857142857,5.405952380952381,6.854761904761904,5.760714285714286,6.5
std,2.6649133856330383,2.5725332692534404,3.264648816287551,2.631198677720696,3.1664738366613685,2.678859000398301,3.248177264607379
min,1.0,1.0,1.0,1.0,1.0,1.0,1.0
50%,4.0,6.0,7.0,5.0,6.0,5.0,6.0
max,19.0,16.0,26.0,18.0,26.0,20.0,26.0
