,ldh_ttr,xdh_ttr,xdx_ttr
count,120.0,120.0,120.0
mean,0.5254362562786878,0.5138785298509533,0.27995609901200863
std,0.14516616223688072,0.14404049211314146,0.0687184323248215
min,0.17721518987341772,0.17721518987341772,0.136986301369863
50%,0.5387959866220735,0.5254812301792168,0.28653530377668307
max,0.8253968253968254,0.8181818181818182,0.4375
