,-In-,-Tr-,-Di-,T-,U-,-r1-,-r2-
count,40.0,40.0,40.0,60.0,60.0,60.0,60.0
mean,0.3912404493319148,0.3649384307086122,0.37308278605581596,0.3537010609987705,0.3991400497321248,0.33603911391357594,0.41680199681731944
std,0.10372865588467285,0.08017325815699643,0.0728592371390516,0.08348106804250227,0.08424393345175457,0.08289040657741605,0.07020370074091593
min,0.18032786885245902,0.203125,0.23684210526315788,0.1864406779661017,0.18032786885245902,0.18032786885245902,0.2727272727272727
50%,0.40119202831067236,0.37059859154929575,0.3803030303030303,0.35620300751879697,0.40404040404040403,0.3332509881422925,0.40994748223663885
max,0.5802469135802469,0.5700934579439252,0.5154639175257731,0.5802469135802469,0.5754716981132075,0.547945205479452,0.5802469135802469
