,-In-,-Tr-,-Di-,T-,U-,-r1-,-r2-
count,40.0,40.0,40.0,60.0,60.0,60.0,60.0
mean,0.24655432412227163,0.21747895851638582,0.21261180177342115,0.22272105944095552,0.2283756635004302,0.20441042692634415,0.2466862960150416
std,0.048169899900924254,0.045091456469611414,0.05387432733768532,0.053678808091696936,0.04853287827798336,0.04462762527514555,0.04850481714415175
min,0.15053763440860216,0.1377952755905512,0.10472972972972973,0.10472972972972973,0.1385390428211587,0.10472972972972973,0.1477832512315271
50%,0.2426953880143607,0.22149241603466957,0.20621546378706712,0.226704966641957,0.22441610738255036,0.20754350215835055,0.25415521978021977
max,0.3445378151260504,0.3074626865671642,0.30612244897959184,0.3445378151260504,0.32621951219512196,0.32621951219512196,0.3445378151260504
