,ldh,xdh,xdx
count,120.0,120.0,120.0
mean,0.3674466101936743,0.3546417149124419,0.15792719396372643
std,0.09904162544961924,0.09686559594283639,0.0374071401056326
min,0.15053763440860216,0.14121037463976946,0.06340057636887608
50%,0.36651380036922754,0.3584584489923067,0.15733620090371914
max,0.5706806282722513,0.56282722513089,0.22847682119205298
