,-In-,-Tr-,-Di-,T-,U-,-r1-,-r2-
count,40.0,40.0,40.0,60.0,60.0,60.0,60.0
mean,0.22064749648194928,0.1927284726850021,0.18973657033995878,0.19702328401248867,0.20505174232545142,0.18067967164941043,0.2213953546885297
std,0.04656541928086836,0.04051507849150422,0.04958526419070018,0.04975195948389312,0.04505177138532929,0.04271959689034736,0.04324115672213146
min,0.11678832116788321,0.1220472440944882,0.08445945945945946,0.08445945945945946,0.11678832116788321,0.08445945945945946,0.13432835820895522
50%,0.2186186974789916,0.1905878674171357,0.1844214717918453,0.19634432656315753,0.20514717213746342,0.18119803499423107,0.2255457444199166
max,0.3025210084033613,0.2746478873239437,0.2762836185819071,0.3025210084033613,0.2926829268292683,0.2926829268292683,0.3025210084033613
