,-In-,-Tr-,-Di-,T-,U-,-r1-,-r2-
count,2000.0,2000.0,2000.0,3000.0,3000.0,3000.0,3000.0
mean,4.9175,6.2505,7.2725,5.494666666666666,6.799,5.832666666666666,6.461
std,2.652208674940136,2.7022954965131474,3.244920415703924,2.8499144243814856,3.0759962479884813,2.747577590610991,3.2692570533012826
min,1.0,1.0,1.0,1.0,1.0,1.0,1.0
50%,4.0,6.0,7.0,5.0,6.0,6.0,6.0
max,26.0,24.0,26.0,26.0,26.0,26.0,26.0
