,-In-,-Tr-,-Di-,T-,U-,-r1-,-r2-
count,40.0,40.0,40.0,60.0,60.0,60.0,60.0
mean,0.4767261904761904,0.4964513888888888,0.5343881448412698,0.4707023809523809,0.5292518187830688,0.4546155753968254,0.5488763227513228
std,0.0930874013323203,0.07992974647902915,0.08179926911682298,0.08990928148293936,0.07821929702087542,0.08603845492265336,0.06623290777197312
min,0.28125,0.32916666666666666,0.3178571428571428,0.2875,0.365,0.26875,0.39166666666666666
50%,0.4878571428571429,0.5089285714285715,0.5472222222222223,0.48535714285714293,0.5345238095238095,0.45416666666666666,0.5446428571428572
max,0.7,0.628125,0.7050000000000001,0.6833333333333332,0.7150000000000001,0.6625,0.7218749999999999
