,-In-,-Tr-,-Di-,T-,U-
count,1400.0,1400.0,1400.0,2100.0,2100.0
mean,4.905714285714286,6.729285714285714,8.340714285714286,6.356190476190476,6.960952380952381
std,1.889657015241038,1.9131237223996282,2.686433670391672,2.4901491987086266,2.6806168268312165
min,1.0,2.0,1.0,1.0,2.0
50%,4.0,6.0,8.0,6.0,6.0
max,18.0,18.0,30.0,24.0,30.0
