,ldh_ttr,xdh_ttr,xdx_ttr
count,60.0,60.0,60.0
mean,0.23514369609396135,0.22539181653893856,0.09535312976643141
std,0.10136773251084062,0.09672600618808783,0.026591245782753764
min,0.07282913165266107,0.07282913165266107,0.047619047619047616
50%,0.2109724612736661,0.19677280550774529,0.09263710223425864
max,0.4583333333333333,0.453125,0.18489583333333334
