,word-In-,word-Tr-,word-Di-,word-T-,word-U-,ldh-In-,ldh-Tr-,ldh-Di-,ldh-T-,ldh-U-,xdh-In-,xdh-Tr-,xdh-Di-,xdh-T-,xdh-U-,xdx-In-,xdx-Tr-,xdx-Di-,xdx-T-,xdx-U-
count,20,20,20,30,30,20,20,20,30,30,20,20,20,30,30,20,20,20,30,30
mean,0.338234127,0.419381764,0.482481286,0.390621479,0.434530527,0.432246573,0.600795298,0.702379717,0.548331942,0.606891544,0.436666667,0.589301688,0.691684552,0.548984272,0.59580345,0.305103806,0.363638315,0.42449452,0.346320276,0.381439283
std,0.090447548,0.077965459,0.068416651,0.101991851,0.090645762,0.137348151,0.149446795,0.132437184,0.193369947,0.165580454,0.146945369,0.148003842,0.134515373,0.187857233,0.167287517,0.068494178,0.070257259,0.062478854,0.082476705,0.076495318
min,0.196428571,0.2875,0.360416667,0.214285714,0.29375,0.222222222,0.341666667,0.478846154,0.222222222,0.3425,0.216666667,0.333333333,0.457692308,0.216666667,0.322222222,0.202777778,0.266666667,0.313333333,0.197222222,0.280555556
50%,0.325,0.410227273,0.480357143,0.377692308,0.419570707,0.401805556,0.574038462,0.707598039,0.510370879,0.612325175,0.406076389,0.582692308,0.712892157,0.498397436,0.593881119,0.29125,0.350206044,0.418284314,0.330833333,0.380505952
max,0.55,0.578571429,0.621052632,0.555357143,0.601315789,0.710714286,0.821428571,0.9,0.852941176,0.88625,0.725,0.8125,0.8975,0.845588235,0.8975,0.476785714,0.5125,0.535,0.5,0.5425
termreps:,word,,,,,ldh,,,,,xdh,,,,,xdx,,,,
average mean,0.413049837,,,,,0.578129015,,,,,0.572488126,,,,,0.36419924,,,,
targeting:,,,,,,,,,,,,,,,,,,,,