,word-In-,word-Tr-,word-Di-,word-T-,word-U-,ldh-In-,ldh-Tr-,ldh-Di-,ldh-T-,ldh-U-,xdh-In-,xdh-Tr-,xdh-Di-,xdh-T-,xdh-U-,xdx-In-,xdx-Tr-,xdx-Di-,xdx-T-,xdx-U-
count,20.0,20.0,20.0,30.0,30.0,20.0,20.0,20.0,30.0,30.0,20.0,20.0,20.0,30.0,30.0,20.0,20.0,20.0,30.0,30.0
mean,0.33823412698412697,0.41938176406926403,0.4824812862576021,0.3906214792152292,0.43453052691704,0.43224657287157287,0.6007952984515483,0.7023797167905624,0.5483319419551037,0.6068915439816175,0.4366666666666667,0.5893016878954378,0.691684551865618,0.5489842721956694,0.5958034499541852,0.305103805916306,0.3636383148101898,0.4244945200836745,0.34632027572101104,0.381439282939283
std,0.09044754755173931,0.07796545879220293,0.06841665080953094,0.10199185131766055,0.09064576212860158,0.13734815057106833,0.14944679514027687,0.13243718421178738,0.1933699466911662,0.16558045444006855,0.14694536854803997,0.14800384244635073,0.1345153731919372,0.18785723269569274,0.16728751706126474,0.06849417798400954,0.0702572589088948,0.062478853826859346,0.08247670535668081,0.07649531780779044
min,0.19642857142857142,0.2875,0.3604166666666666,0.21428571428571425,0.29374999999999996,0.2222222222222222,0.3416666666666666,0.47884615384615387,0.2222222222222222,0.3425,0.21666666666666667,0.3333333333333333,0.4576923076923078,0.21666666666666667,0.3222222222222222,0.20277777777777778,0.26666666666666666,0.3133333333333333,0.19722222222222224,0.2805555555555556
50%,0.325,0.4102272727272727,0.4803571428571429,0.37769230769230766,0.4195707070707071,0.4018055555555555,0.5740384615384615,0.7075980392156862,0.5103708791208792,0.6123251748251748,0.40607638888888886,0.5826923076923076,0.7128921568627451,0.4983974358974359,0.5938811188811188,0.29125,0.35020604395604393,0.41828431372549024,0.33083333333333337,0.38050595238095236
max,0.5499999999999999,0.5785714285714285,0.6210526315789475,0.5553571428571428,0.6013157894736841,0.7107142857142856,0.8214285714285715,0.9000000000000001,0.8529411764705882,0.8862499999999998,0.725,0.8125,0.8975,0.8455882352941176,0.8975,0.4767857142857143,0.5125000000000001,0.5349999999999999,0.49999999999999994,0.5425
