,-In-,-Tr-,-Di-,T-,U-
count,20.0,20.0,20.0,30.0,30.0
mean,0.12973617851479605,0.12941044715477,0.1296168968929937,0.12630470656152853,0.13287097514684465
std,0.04260863614609059,0.03331485624482652,0.029874658968590116,0.04033289459286687,0.029195159911899023
min,0.07017543859649122,0.08256880733944955,0.0828125,0.07017543859649122,0.0828125
50%,0.12392857142857143,0.12435399513230802,0.13344036083557897,0.12103658536585366,0.13350971745876206
max,0.25,0.2086021505376344,0.18699186991869918,0.25,0.18699186991869918
