,-In-,-Tr-,-Di-,T-,U-
count,20.0,20.0,20.0,30.0,30.0
mean,0.3384146825396826,0.42238501082251084,0.48184577675613854,0.3941298735986235,0.4353281171192355
std,0.093733991441505,0.07929535677924937,0.0695568336787949,0.09815972164762282,0.09149570065068792
min,0.20714285714285716,0.2775,0.3653846153846153,0.21428571428571427,0.28125
50%,0.3084821428571428,0.4170454545454545,0.48984374999999997,0.3778846153846154,0.4351010101010101
max,0.5499999999999999,0.5803571428571429,0.6157894736842104,0.5571428571428572,0.6118421052631579
