,ldh_ttr,xdh_ttr,xdx_ttr
count,60.0,60.0,60.0
mean,0.49222429505605675,0.47801485326349186,0.24756925405349509
std,0.11043841092889346,0.11135750056046001,0.06026222270718942
min,0.2857142857142857,0.25892857142857145,0.125
50%,0.48740573152337857,0.4716183574879227,0.23699369936993697
max,0.7844827586206896,0.75,0.3764705882352941
