,word-In-,word-Tr-,word-Di-,word-T-,word-U-,word-r1-,word-r2-,ldh-In-,ldh-Tr-,ldh-Di-,ldh-T-,ldh-U-,ldh-r1-,ldh-r2-,xdh-In-,xdh-Tr-,xdh-Di-,xdh-T-,xdh-U-,xdh-r1-,xdh-r2-,xdx-In-,xdx-Tr-,xdx-Di-,xdx-T-,xdx-U-,xdx-r1-,xdx-r2-
count,20.0,20.0,20.0,30.0,30.0,0,60.0,20.0,20.0,20.0,30.0,30.0,0,60.0,20.0,20.0,20.0,30.0,30.0,0,60.0,20.0,20.0,20.0,30.0,30.0,0,60.0
mean,0.45499999999999996,0.4612499999999999,0.4699999999999999,0.44902777777777775,0.495,,0.46444444444444444,0.6318750000000001,0.6791666666666668,0.6789583333333334,0.6102777777777778,0.7108333333333333,,0.6605555555555556,0.62625,0.6466666666666667,0.6714583333333333,0.6127777777777778,0.7025,,0.65625,0.39,0.393125,0.42270833333333335,0.3911111111111111,0.4297222222222222,,0.4109027777777779
std,0.10101458987899249,0.07242282643941539,0.08734426408091292,0.08657961015894322,0.06960479571270144,,0.08274320237478211,0.09677998311416959,0.1120320025289349,0.12685376158193096,0.10542477782918043,0.0963199787903644,,0.10837262071912675,0.11419771635655694,0.09408298564105254,0.11838702605689734,0.10059648095020904,0.11144191655873262,,0.11345586803892976,0.05686433532170184,0.05433131185024361,0.07679950115198003,0.06488950722688644,0.060743845900756196,,0.06452278310934649
min,0.3,0.3125,0.3125,0.275,0.35,,0.225,0.45,0.44999999999999996,0.4,0.4,0.48750000000000004,,0.4375,0.4,0.42500000000000004,0.425,0.375,0.5,,0.325,0.225,0.2875,0.30000000000000004,0.275,0.3125,,0.225
50%,0.475,0.44999999999999996,0.46875,0.45416666666666666,0.475,,0.4625,0.6375,0.6625,0.7166666666666668,0.59375,0.7,,0.6645833333333333,0.6375,0.6437499999999999,0.6625,0.6,0.6937500000000001,,0.6645833333333333,0.40625,0.39375,0.42083333333333334,0.40625,0.41874999999999996,,0.4125
max,0.7,0.625,0.5875,0.65,0.675,,0.6375,0.8,0.9125000000000001,0.8500000000000001,0.7999999999999999,0.9125000000000001,,0.8875,0.825,0.825,0.8875,0.85,0.9249999999999999,,0.8875,0.47500000000000003,0.4875,0.5583333333333332,0.525,0.575,,0.5666666666666665
unique,,,,,,0,,,,,,,0,,,,,,,0,,,,,,,0,
top,,,,,,,,,,,,,,,,,,,,,,,,,,,,
freq,,,,,,,,,,,,,,,,,,,,,,,,,,,,
