,-In-,-Tr-,-Di-,T-,U-,-r1-,-r2-
count,20.0,20.0,20.0,30.0,30.0,60.0,0
mean,0.4191800595238095,0.4498933531746031,0.5052986111111112,0.4122410714285714,0.49188525132275135,0.45448908730158727,
std,0.08782160395963204,0.06163056795804996,0.08668123505387035,0.07641395001290091,0.08041180223243456,0.08531551751085203,
min,0.29375,0.33749999999999997,0.32142857142857145,0.30625,0.335,0.3,
50%,0.41541666666666666,0.4446428571428571,0.5041666666666667,0.40208333333333335,0.4803571428571428,0.44791666666666674,
max,0.6656249999999999,0.5722222222222223,0.6527777777777777,0.6166666666666667,0.6562499999999999,0.6625000000000001,
unique,,,,,,,0
top,,,,,,,
freq,,,,,,,
