,word-In-,word-Tr-,word-Di-,word-T-,word-U-,word-r1-,word-r2-,ldh-In-,ldh-Tr-,ldh-Di-,ldh-T-,ldh-U-,ldh-r1-,ldh-r2-,xdh-In-,xdh-Tr-,xdh-Di-,xdh-T-,xdh-U-,xdh-r1-,xdh-r2-,xdx-In-,xdx-Tr-,xdx-Di-,xdx-T-,xdx-U-,xdx-r1-,xdx-r2-
count,40.0,40.0,40.0,60.0,60.0,60.0,60.0,40.0,40.0,40.0,60.0,60.0,60.0,60.0,40.0,40.0,40.0,60.0,60.0,60.0,60.0,40.0,40.0,40.0,60.0,60.0,60.0,60.0
mean,0.46187500000000004,0.501875,0.5461458333333333,0.45701388888888894,0.5551388888888888,0.453125,0.5584722222222221,0.600625,0.670625,0.7293749999999999,0.6222916666666666,0.7258333333333332,0.5933333333333333,0.7530555555555556,0.6051041666666667,0.6667708333333333,0.7158333333333333,0.6227777777777777,0.7138888888888889,0.5842361111111111,0.7331249999999999,0.38927083333333334,0.41656250000000006,0.4578125,0.38284722222222217,0.4629166666666667,0.37638888888888894,0.4711111111111111
std,0.15620063322699054,0.10418140921316542,0.09755918787530414,0.09867439317198452,0.11700255991640993,0.12114008647366675,0.09111921355962085,0.18366944229059723,0.14294904133572708,0.1388769759848243,0.16545609969866718,0.1499368197136315,0.18454147380888547,0.10393580821112465,0.19033232927235277,0.14900694398387315,0.14192472725049785,0.1719509512321163,0.15366801066444952,0.19013464673872105,0.116152075881744,0.12687303076938647,0.0886523001623425,0.08823807303002079,0.087286501932707,0.09416754161885403,0.10116920838711169,0.08083059094111286
min,0.2,0.275,0.325,0.2,0.275,0.175,0.3,0.25,0.325,0.4375,0.175,0.25,0.225,0.5,0.275,0.325,0.4375,0.25,0.175,0.15,0.4,0.15,0.225,0.3,0.15,0.25,0.15,0.275
50%,0.4625,0.50625,0.5625,0.475,0.56875,0.45,0.56875,0.65625,0.68125,0.7458333333333333,0.66875,0.75,0.575,0.7625,0.65,0.66875,0.7458333333333333,0.65625,0.7458333333333333,0.5625,0.75625,0.4,0.425,0.4625,0.38749999999999996,0.48125,0.375,0.475
max,0.8,0.7375,0.6875,0.6625000000000001,0.7749999999999999,0.7125,0.75,0.8416666666666667,0.8916666666666666,0.9583333333333334,0.8625,0.95,0.9416666666666668,0.9375,0.875,0.925,0.9416666666666668,0.8625,0.9625,0.9624999999999999,0.9416666666666668,0.6416666666666667,0.65,0.625,0.5375,0.6583333333333333,0.6166666666666667,0.6583333333333333
