,-In-,-Tr-,-Di-,T-,U-,-r1-,-r2-
count,20.0,20.0,20.0,30.0,30.0,60.0,0
mean,0.40125,0.4345833333333333,0.5079166666666667,0.4091666666666666,0.4979166666666667,0.4599305555555555,
std,0.12472997149632355,0.09911984741739055,0.09996252952952683,0.10090823189595491,0.11337595336210532,0.11958883692395209,
min,0.2,0.225,0.325,0.225,0.2,0.2,
50%,0.4125,0.45,0.5,0.41875,0.5,0.46875,
max,0.675,0.6416666666666667,0.6833333333333332,0.575,0.7125,0.7,
unique,,,,,,,0
top,,,,,,,
freq,,,,,,,
