,ldh_ttr,xdh_ttr,xdx_ttr
count,60.0,60.0,60.0
mean,0.31282919637893425,0.3030438315491809,0.14242537672494335
std,0.08836611427062328,0.08650186691851106,0.03385634373694431
min,0.15053763440860216,0.14121037463976946,0.06340057636887608
50%,0.29582853855005753,0.278409825468649,0.14311974789915966
max,0.5452436194895591,0.5336426914153132,0.22602739726027396
