,-In-,-Tr-,-Di-,T-,U-,-r1-,-r2-
count,20.0,20.0,20.0,30.0,30.0,60.0,0
mean,0.21826954004982185,0.1948026148309667,0.2001591258982438,0.19373008368389238,0.2150907701687958,0.20441042692634415,
std,0.04337112829485615,0.03491039011034123,0.052596120870436615,0.045479682566173005,0.04180333395150019,0.04462762527514555,
min,0.15053763440860216,0.1377952755905512,0.10472972972972973,0.10472972972972973,0.1385390428211587,0.10472972972972973,
50%,0.21798155737704916,0.1943019943019943,0.2036118340990212,0.1984717727436174,0.21940736245954692,0.20754350215835055,
max,0.32621951219512196,0.2677165354330709,0.3036649214659686,0.3036649214659686,0.32621951219512196,0.32621951219512196,
unique,,,,,,,0
top,,,,,,,
freq,,,,,,,
