,-In-,-Tr-,-Di-,T-,U-,-r1-,-r2-
count,280.0,280.0,280.0,420.0,420.0,840.0,0
mean,4.542857142857143,6.039285714285715,6.7,5.071428571428571,6.45,5.760714285714286,
std,2.2139066124114772,2.3816561939789893,2.9248655883095585,2.357062784700364,2.8038287835128894,2.678859000398301,
min,1.0,1.0,1.0,1.0,1.0,1.0,
50%,4.0,6.0,6.0,5.0,6.0,5.0,
max,15.0,14.0,20.0,15.0,20.0,20.0,
unique,,,,,,,0
top,,,,,,,
freq,,,,,,,
