,-In-,-Tr-,-Di-,T-,U-,-r1-,-r2-
count,1000.0,1000.0,1000.0,1500.0,1500.0,3000.0,0
mean,4.543,5.928,7.027,5.263333333333334,6.402,5.832666666666666,
std,2.1860763778811414,2.3639806269097057,3.03207263509047,2.6310841792299904,2.7444642566514434,2.747577590610991,
min,1.0,1.0,1.0,1.0,1.0,1.0,
50%,4.0,6.0,7.0,5.0,6.0,6.0,
max,17.0,18.0,26.0,26.0,25.0,26.0,
unique,,,,,,,0
top,,,,,,,
freq,,,,,,,
