,-In-,-Tr-,-Di-,T-,U-,-r1-,-r2-
count,20.0,20.0,20.0,30.0,30.0,60.0,0
mean,0.33434429141914573,0.32425615256212903,0.34951689775945294,0.31172966609026503,0.36034856173688673,0.33603911391357594,
std,0.09852787762841812,0.07388300123944862,0.07634711422997487,0.07458554317715507,0.08481100716689452,0.08289040657741605,
min,0.18032786885245902,0.203125,0.23684210526315788,0.1864406779661017,0.18032786885245902,0.18032786885245902,
50%,0.33860917248255235,0.32557603686635944,0.3574068598462448,0.3073822121441169,0.3520225294418843,0.3332509881422925,
max,0.547945205479452,0.47435897435897434,0.5,0.47435897435897434,0.547945205479452,0.547945205479452,
unique,,,,,,,0
top,,,,,,,
freq,,,,,,,
