,ldh_ttr,xdh_ttr,xdx_ttr
count,60.0,60.0,60.0
mean,0.4490859438361795,0.4392508462088553,0.2489036562056826
std,0.14846667860019802,0.1479102374698129,0.06777633376777292
min,0.17721518987341772,0.17721518987341772,0.136986301369863
50%,0.4188013821041344,0.414522977022977,0.2417989417989418
max,0.8181818181818182,0.8181818181818182,0.4090909090909091
